{"success": true, "result": {"msg": "audit_complete", "result": {"cmd": "audit", "scene_data": {"cameras": {"shotCamShape": {"position": [[50.328639557909355, 0.8614106420288966, 122.65268540968242]], "rotation": [6.306059149917998, 3.8217256858563315, 6.79345457401813], "near_clip_plane": 0.1, "far_clip_plane": 10000.0, "focal_length": 35.0}}, "lights": {"directionalLightShape1": {"type": "directionalLight", "position": [-37.35521221871123, 36.03360881133939, 1.558777539448308], "rotation": [-37.35521221871122, 36.033608811339384, 1.5587775394483054], "attributes": {"color": [1.0, 1.0, 1.0], "intensity": 5.297618865966797}}, "spotLightShape1": {"type": "spotLight", "position": [43.91279419108066, 0.0, 0.0], "rotation": [43.91279419108066, 0.0, 0.0], "attributes": {"color": [1.0, 1.0, 1.0], "intensity": 4.107142925262451, "coneAngle": 40.0}}}, "meshes": {"pCube1": {"translation": [[0.0, -1.9501223984530824, 0.0]], "rotation": [[0.0, 0.0, 0.0]], "scale": [[1.0, 1.0, 1.0]], "objectColorRGB": [[0.0, 0.0, 0.0]], "visibility": true}, "pSphere1": {"translation": [[-4.76837158203125e-07, 0.0, -7.152557373046875e-07]], "rotation": [[0.0, 0.0, 0.0]], "scale": [[1.0, 1.0, 1.0]], "objectColorRGB": [[0.0, 0.0, 0.0]], "visibility": true}, "pSphere2": {"translation": [[8.507644694122098, 5.145476667108403, -7.152557373046875e-07]], "rotation": [[0.0, 0.0, 0.0]], "scale": [[1.0, 1.0, 1.0]], "objectColorRGB": [[0.0, 0.0, 0.0]], "visibility": true}, "pSphere3": {"translation": [[8.922373196389568, 0.0, -7.152557373046875e-07]], "rotation": [[0.0, 0.0, 0.0]], "scale": [[1.0, 1.0, 1.0]], "objectColorRGB": [[0.0, 0.0, 0.0]], "visibility": true}, "pSphere4": {"translation": [[5.4976648106170805, -4.39736687382986, -2.553336920331084]], "rotation": [[0.0, 0.0, 0.0]], "scale": [[1.0, 1.0, 1.0]], "objectColorRGB": [[0.0, 0.0, 0.0]], "visibility": true}, "pSphere5": {"translation": [[10.351004128681016, -3.4592337599276703, -1.880498325750338]], "rotation": [[0.0, 0.0, 0.0]], "scale": [[1.0, 1.0, 1.0]], "objectColorRGB": [[0.0, 0.0, 0.0]], "visibility": true}}, "materials": {"pCube1": {"material_name": "StingrayPBS1", "texture_set": {"baseColor": {"node": "file10", "path": "E:/Depot/o3de-engine/Gems/AtomLyIntegration/TechnicalArt/DccScriptingInterface/Tools/Python/MockTool/Resources/Assets/Textures/Airship_Crane_01_BaseColor.png"}, "normal": {"node": "file11", "path": "E:/Depot/o3de-engine/Gems/AtomLyIntegration/TechnicalArt/DccScriptingInterface/Tools/Python/MockTool/Resources/Assets/Textures/Airship_Crane_01_Normal.png"}, "metallic": {"node": "file12", "path": "E:/Depot/o3de-engine/Gems/AtomLyIntegration/TechnicalArt/DccScriptingInterface/Tools/Python/MockTool/Resources/Assets/Textures/Airship_Crane_01_Metallic.png"}, "roughness": {"node": "file13", "path": "E:/Depot/o3de-engine/Gems/AtomLyIntegration/TechnicalArt/DccScriptingInterface/Tools/Python/MockTool/Resources/Assets/Textures/Airship_Crane_01_Roughness.png"}}}, "pSphere1": {"material_name": "aiStandardSurface1", "texture_set": {"metalness": {"node": "file15", "path": "E:/Depot/o3de-engine/Gems/AtomLyIntegration/TechnicalArt/DccScriptingInterface/Tools/Python/MockTool/Resources/Assets/Textures/Airship_Crane_01_Metallic.png"}, "baseColor": {"node": "file14", "path": "E:/Depot/o3de-engine/Gems/AtomLyIntegration/TechnicalArt/DccScriptingInterface/Tools/Python/MockTool/Resources/Assets/Textures/Airship_Crane_01_BaseColor.png"}, "specularRoughness": {"node": "file16", "path": "E:/Depot/o3de-engine/Gems/AtomLyIntegration/TechnicalArt/DccScriptingInterface/Tools/Python/MockTool/Resources/Assets/Textures/Airship_Crane_01_Roughness.png"}, "emissionColor": {"node": "file18", "path": "E:/Depot/o3de-engine/Gems/AtomLyIntegration/TechnicalArt/DccScriptingInterface/Tools/Python/MockTool/Resources/Assets/Textures/Airship_Door_01_Emissive.png"}, "normal": {"node": "file19", "path": "E:/Depot/o3de-engine/Gems/AtomLyIntegration/TechnicalArt/DccScriptingInterface/Tools/Python/MockTool/Resources/Assets/Textures/Airship_Crane_01_Normal.png"}, "alpha": null, "subsurfaceColor": {"node": "file17", "path": "E:/Depot/o3de-engine/Gems/AtomLyIntegration/TechnicalArt/DccScriptingInterface/Tools/Python/MockTool/Resources/Assets/Textures/Airship_Crane_01_SSS.png"}}}, "pSphere2": {"material_name": "lambert1", "texture_set": {"color": {"node": "file24", "path": ""}, "normal": {"node": "file23", "path": "E:/PROJECTS/GEO/SpaceCannon/Maya/sourceimages/spaceCannon_fixedNormals_Normal.png"}}}, "pSphere3": {"material_name": "standardSurface1", "texture_set": {"metalness": {"node": "file25.outAlpha", "path": "E:/PROJECTS/GEO/SpaceCannon/Maya/sourceimages/spaceCannon_fixedNormals_Metallic.png"}, "baseColor": {"node": "file26.outColor", "path": "E:/PROJECTS/GEO/SpaceCannon/Maya/sourceimages/spaceCannon_fixedNormals_BaseColor.png"}, "opacityG": {"node": "file26.outAlpha", "path": "E:/PROJECTS/GEO/SpaceCannon/Maya/sourceimages/spaceCannon_fixedNormals_BaseColor.png"}, "specularRoughness": {"node": "file27.outAlpha", "path": "E:/PROJECTS/GEO/SpaceCannon/Maya/sourceimages/spaceCannon_fixedNormals_Roughness.png"}, "emissionColor": {"node": "file28.outColor", "path": "E:/PROJECTS/GEO/SpaceCannon/Maya/sourceimages/spaceCannon_fixedNormals_Emissive.png"}, "normal": {"node": "file29", "path": "E:/PROJECTS/GEO/SpaceCannon/Maya/sourceimages/spaceCannon_fixedNormals_Normal.png"}}}, "pSphere4": {"material_name": "phong1", "texture_set": {"color": {"node": "file30.outColor", "path": "E:/PROJECTS/GEO/SpaceCannon/Maya/sourceimages/spaceCannon_fixedNormals_BaseColor.png"}, "transparency": {"node": "file30.outTransparency", "path": "E:/PROJECTS/GEO/SpaceCannon/Maya/sourceimages/spaceCannon_fixedNormals_BaseColor.png"}, "normal": {"node": "file31", "path": "E:/PROJECTS/GEO/SpaceCannon/Maya/sourceimages/spaceCannon_fixedNormals_Normal.png"}}}, "pSphere5": {"material_name": "blinn1", "texture_set": {"color": {"node": "file32.outColor", "path": "E:/PROJECTS/GEO/SpaceCannon/Maya/sourceimages/spaceCannon_fixedNormals_BaseColor.png"}, "transparency": {"node": "file32.outTransparency", "path": "E:/PROJECTS/GEO/SpaceCannon/Maya/sourceimages/spaceCannon_fixedNormals_BaseColor.png"}, "normal": {"node": "file33", "path": "E:/PROJECTS/GEO/SpaceCannon/Maya/sourceimages/spaceCannon_fixedNormals_Normal.png"}}}}, "scene_file": "E:/Depot/o3de-engine/Gems/AtomLyIntegration/TechnicalArt/DccScriptingInterface/Tools/Python/MockTool/Resources/test_scene.mb"}}}}